Origin,Target,Type,Format
/pix11-morning-show-discusses-donald-sterling-apology-sports-entertainment-lawyer-anthony-r-caruso,/anthony-caruso-discuses-donald-sterling/,301,plain
/international-business-publication-corporateintl-names-2014-tax-law-firm-of-the-year-in-new-jersey,/corporateintl-names-2014-tax-law-firm/,301,plain
/corporateintl-names-2014-tax-law-firm,/international-business-publication-corporateintl-names-2014-tax-law-firm-of-the-year-in-new-jersey/,301,plain
/brand-new-world-future-practicing-medicine-new-jersey,/the-future-practicing-medicine/,301,plain
/the-future-practicing-medicine,/the-future-of-practicing-medicine/,301,plain
/ocean-driving-directions,/ocean-township-driving-directoins/,301,plain
/scarinci-hollenbeck-welcomes-sharp-mahoney-attorneys,/sharp-mahoney-join-scarinci-hollenbeck/,301,plain
/administration/earl-manguiat__trashed,/administration/earl-manguiat/,301,plain
/administration/john-palumbo__trashed,/administration/john-palumbo/,301,plain
/administration/katerin-traugh__trashed,/administration/katerin-traugh/,301,plain
/administration/peter-s-moeller__trashed,/administration/peter-s-moeller/,301,plain
/firm-news/congratulations/holiday-video-2019,/firm-news/congratulations/2019-holiday-video/,301,plain
/law-firm-insights/business-law/will-commercial-space-travel-become-big-business-in-2013,/category/law-firm-insights/business-law/,301,plain
/firm-news/uncategorized/2019-holiday-video__trashed,/firm-news/uncategorized/2019-holiday-video/,301,plain
/firm-news/uncategorized/2019-holiday-video-2,/,410,plain
/firm-news/uncategorized/test-1,/,410,plain
/law-firm-insights/cannabis-law/federal-marijuana-legalization-bill-more-act-advancing-in-us-house,/law-firm-insights/cannabis-law/more-act-advancing-in-us-house/,301,plain
/happy-holidays-2018,/2019-happy-holidays/,301,plain
/firm-news/congratulations/2019-holiday-video,/2019-happy-holiday/,301,plain
/location/lyndhurst,/location/#lyndhurst,301,plain
/locations,/location/,301,plain
/location/red-bank,/location/#red-bank,301,plain
/location/new-york,/location/#new-york,301,plain
/location/washington-dc,/location/#washington-dc,301,plain
/location/san-francisco,/location/#san-francisco,301,plain
/attorneys/liana-m-nobile,/attorneys/,301,plain
/careers/securities-and-regulatory-attorney,/careers/,301,plain
/attorneys/roshan-d-shah,/attorneys/,301,plain
/careers/litigation-attorney,/careers/,301,plain
/make-payment,https://secure.lawpay.com/pages/scarincihollenbeck/operating,301,plain
/payments/?page=operating,https://secure.lawpay.com/pages/scarincihollenbeck/operating,301,plain
/firm-news/uncategorized/http-www-businesslawnews-com-interpretational-risk-in-takaful-insurance-products-takaful-insurance,/,410,plain
/firm-news/just-in/njicle-presents-theodore-roosevelt-and-the-progressive-era,/,410,plain
/attorney-search-results,/attorneys/,301,plain
/scarinci-hollenbeck-law-firm-news,/category/firm-news/,301,plain
/law-firm-insights/business-law/bankruptcy-creditors-rights/banks-unveil-bankruptcy-plans-in-living-wills-2,/law-firm-insights/business-law/bankruptcy-creditors-rights/banks-unveil-bankruptcy-plans-in-living-wills/,301,plain
/law-firm-insights/entertainment-and-sports/lower-effective-tax-rate,/law-firm-insights/entertainment-and-sports/,301,plain
/law-firm-insights/business-law/another-sports-barrestaurant-owner-must-pay-the-price-for-illegal-interception-of-pay-per-view-programming,/law-firm-insights/business-law/restaurant-pay-the-price-for-illegal-ipay-per-view-programming/,301,plain
/law-firm-insights/business-law/the-key-to-a-successful-start-up-practice-makes-perfect,/law-firm-insights/business-law/successful-start-up-practice-makes-perfect/,301,plain
/law-firm-insights/business-law/mistakes-to-avoid-in-raising-money-for-your-start-up-business,/law-firm-insights/business-law/money-for-your-start-up-business/,301,plain
/law-firm-insights/business-law/securities-law/will-it-soon-be-easier-for-new-york-and-new-jersey-start-ups-to-go-public,/law-firm-insights/business-law/securities-law/new-york-and-new-jersey-start-ups-to-go-public/,301,plain
/law-firm-insights/environmental-land-use/lsrp-post-hurricane-sandy-site-evaluations,/law-firm-insights/environmental-land-use/10-key-changes-to-nj-site-remediation-reform-act/,301,plain
/law-firm-insights/entertainment-and-sports/new-jersey-parties-remediating,/law-firm-insights/environmental-land-use/10-key-changes-to-nj-site-remediation-reform-act/,301,plain
/law-firm-insights/business-law/bankruptcy-creditors-rights/creditors-rights/buy-a-picasso-detroit-chapter-9-bankruptcy,/category//law-firm-insights/business-law/bankruptcy-creditors-rights/creditors-rights/,301,plain
/law-firm-insights/entertainment-and-sports/daily-fantasy-sports-co,/law-firm-insights/entertainment-and-sports/new-jersey-adopts-fantasy-sports-rules/,301,plain
/law-firm-insights/environmental-land-use/epa-releases-pfas-action-plan%ef%bb%bf,/law-firm-insights/environmental-land-use/epa-releases-pfas-action-plan/,301,plain
/law-firm-insights/business-law/bankruptcy-creditors-rights/business/biotech-files-for-chapter-7,/category/law-firm-insights/business-law/bankruptcy-creditors-rights/business/,301,plain
/firm-news/new-jersey-cyber-security-lawyer-moderate-symposium,/category/firm-news/,301,plain
/firm-events/hurricane-sandy-recovery-and-rebuild-seminar,/quick-news/superstorm-sandy-suit-settlements/,301,plain
/law-firm-insights/business-law/important-new-jersey-remediation-deadlines-are-approaching-are-you-ready,/law-firm-insights/commercial-real-estate/real-estate-commercial-leasing/new-jersey-licensed-site-remediation-professionals-lsrps-must-be-hired-for-all-environmental-remediation-work-in-new-jersey/,301,plain
/law-firm-insights/environmental-land-use/proposed-bill-would-reinstate-requirement-for-a-certification-of-no-contamination-for-a-de-minimis-exemption-under-new-jerseys-industrial-site-recovery-act,/law-firm-insights/environmental-land-use/de-minimis-exemption-under-new-jerseys-industrial-site-recovery-act/,301,plain
/attorneys/harvey-r-poe,/passing-attorney-harvey-r-poe/,301,plain
/law-firm-insights/intellectual-property/copyrighted-material-is-highly-transformative,/law-firm-insights/intellectual-property/transformative-use-copyrighted-material-highly-subjective/,301,plain
/law-firm-insights/business-law/will-new-jersey-medical-marijuana-dispensaries-finally-get-off-the-ground,/law-firm-insights/cannabis-law/medical-marijuana-act-amendment/,301,plain
/law-firm-insights/business-law/securities-law/will-there-be-a-new-loophole-for-insider-trading,/,410,plain
/law-firm-insights/business-law/securities-law/will-there-be-a-new-loophole-for-insider-trading-2,/law-firm-insights/business-law/securities-law/will-there-be-a-new-loophole-for-insider-trading/,301,plain
/law-firm-insights/entertainment-and-sports/entertainment-business-not-immune-to-hurricane-sandy,/category/law-firm-insights/entertainment-and-sports/,301,plain
/law-firm-insights/business-law/securities-law/investment-fraud-after-hurricane-sandy,/category/law-firm-insights/business-law/insurance/,301,plain
/law-firm-insights/business-law/insurance/hurricanes-sandy-and-business-interruption-insurance-policies,/category/law-firm-insights/business-law/insurance/,301,plain
/law-firm-insights/business-law/insurance/deductibles-do-not-apply-to-hurricane-sandy-related-insurance-claims-is-this-good-for-policyholders,/category/law-firm-insights/business-law/insurance/,301,plain
/law-firm-insights/business-law/tips-for-new-york-and-new-jersey-businesses-impacted-by-hurricane-sandy,/category/law-firm-insights/business-law/insurance/,301,plain
/law-firm-insights/business-law/reporting-insurance-claims-from-damage-caused-by-hurricane-sandy,/category/law-firm-insights/business-law/insurance/,301,plain
/law-firm-insights/business-law/new-jersey-launches-loan-program-for-businesses-impacted-by-superstorm-sandy,/category/law-firm-insights/business-law/insurance/,301,plain
/law-firm-insights/business-law/securities-law/will-superstorm-sandy-victims-benefit-from-irs-relaxation-of-401k-plan-requirements,/category/law-firm-insights/business-law/insurance/,301,plain
/law-firm-insights/business-law/11112-2,/law-firm-insights/business-law/a-new-federal-trade-secrets-law-for-the-new-year/,301,plain
/law-firm-insights/business-law/how-new-jerseys-proposed-uniform-fiduciary-standard-will-impact-brokers-financial-advisors%ef%bb%bf,/law-firm-insights/business-law/fiduciary-standard-impact-brokers-financial-advisors/,301,plain
/attorneys/brent-giles-davis,/attorneys/,301,plain
/law-firm-insights/business-law/will-new-jersey-online-gambling-industry-survive-dojs-new-wire-act-interpretation%ef%bb%bf,/law-firm-insights/business-law/online-gambling-industry-survive-dojs/,301,plain
/law-firm-insights/business-law/expanded-regulatory-flexibility-act-aims-to-streamline-regulations-for-nj-small-businesses%ef%bb%bf,/law-firm-insights/business-law/streamline-regulations-for-nj-small-businesses/,301,plain
/law-firm-insights/litigation/commercial-litigation/constitutional-right-to-jury-trial-trumps-nj-alternative-dispute-resolution-statute,/law-firm-insights/litigation/commercial-litigation/nj-alternative-dispute-resolution-statute/,301,plain
/law-firm-insights/business-law/small-business-fire-and-emergency-precautions-tips-for-before-and-after-a-disaster,/law-firm-insights/business-law/,301,plain
/law-firm-insights/business-law/businesses-should-review-arbitration-clauses-in-light-of-recent-nj-supreme-court-decision,/law-firm-insights/business-law/clauses-in-light-of-recent-nj-supreme-court-decision/,301,plain
/category/corporate-compliance,/category/law-firm-insights/litigation/corporate-compliance/,301,plain
/law-firm-insights/business-law/bankruptcy-creditors-rights/energy-company-bankruptcies-increasing,/,410,plain
/law-firm-insights/entertainment-and-sports/vidangel-loses-court-case,/,410,plain
/law-firm-insights/entertainment-and-sports/intricacies-of-nfl-contracts-revealed,/,410,plain
/law-firm-insights/business-law/bankruptcy-creditors-rights/abengoa-bioenergy-bankruptcy,/,410,plain
/law-firm-insights/entertainment-and-sports/jersey-boys-copyright-infringement,/,410,plain
/law-firm-insights/entertainment-and-sports/emmy-rossum-contract-dispute,/,410,plain
/law-firm-insights/entertainment-and-sports/nhl-golden-knights-reveal,/,410,plain
/law-firm-insights/business-law/bankruptcy-creditors-rights/dowling-college-bankruptcy,/,410,plain
/law-firm-insights/business-law/mylan-coal-tax,/law-firm-insights/business-law/mylan-coal-tax-2/,301,plain
/law-firm-insights/business-law/bankruptcy-creditors-rights/american-apparel-loses-bankruptcy-fight,/,410,plain
/law-firm-insights/business-law/bankruptcy-creditors-rights/sports-authority-bankruptcy-impact,/,410,plain
/law-firm-insights/business-law/bankruptcy-creditors-rights/ez-worldwide-express-chapter-11,/,410,plain
/law-firm-insights/entertainment-and-sports/star-trek-fan-film,/,410,plain
/law-firm-insights/environmental-land-use/innocent-party-remediation-nj,/law-firm-insights/environmental-land-use/innocent-party-remediation-grant/,301,plain
/category/law-firm-insights/litigation/cyber-security,/category/law-firm-insights/cyber-security/,301,plain
/category/law-firm-insights/general-practice,/category/law-firm-insights/business-law/general-practice/,301,plain
/law-firm-insights/labor-employment/is-it-time-to-update-your-employee-handbook-conflicting-provisions-can-spell-doom-in-litigation,/law-firm-insights/labor-employment/conflicting-provisions-can-spell-doom-in-litigation/,301,plain
/law-firm-insights/entertainment-and-sports/will-the-bachelor-discrimination-lawsuit-break-new-legal-ground-in-entertainment-law,/,410,plain
/law-firm-insights/litigation/commercial-litigation/security-breaches-can-lead-to-costly-business-lawsuits,/law-firm-insights/litigation/commercial-litigation/costly-business-lawsuits/,301,plain
/law-firm-insights/cyber-security/survey-reveals-many-business-executives-lack-cybersecurity-confidence,/law-firm-insights/cyber-security/executives-lack-cybersecurity-confidence/,301,plain
/law-firm-insights/labor-employment/employees-vs-independent-contractors-nj-supreme-court-to-address-complex-issue,/law-firm-insights/labor-employment/nj-supreme-court-to-address-complex-issue/,301,plain
/law-firm-insights/business-law/bankruptcy-creditors-rights/business/insolvency-alerts-january-2012,/,410,plain
/law-firm-insights/tax/taxes/fraud/tax-agencies-in-u-s-u-k-and-australia-announce-partnership-to-target-offshore-accounts,/law-firm-insights/tax/taxes/fraud/partnership-to-target-offshore-accounts/,301,plain
/law-firm-insights/tax/taxes/fraud/u-s-france-sign-intergovernmental-agreement-to-combat-offshore-tax-evasion,/law-firm-insights/tax/taxes/fraud/u-s-france-agreement-to-combat-offshore-tax-evasion/,301,plain
/practices/environmental-and-land-use,/practices/environmental/,301,plain
/category/firm-news/commercial-real-estate-firm-news,/category/firm-news/real-estate-news/,301,plain
/category/firm-news/client-alert,/category/client-alert/,301,plain
/category/client-alert,/category/firm-news/client-alert/,301,plain
/attorneys/matthew-j-donohue,/attorneys/,301,plain
/law-firm-insights/environmental-land-use/registration-deadline-approaching-for-businesses-providing-soil-and-fill-recycling-services,/law-firm-insights/environmental-land-use/businesses-providing-soil-and-fill-recycling-services/,301,plain
/covid-19-resources,/covid-19-crisis-management-unit/,301,plain
/firm-news/covid-19-alerts/after-action-planning-for-businesses-should-start-now,/firm-news/covid-19-alerts/after-action-planning-for-businesses/,301,plain
/practices/cyber-security-data-protection,/practices/cyber-security-data-privacy/,301,plain
/practices/cyber-security-and-data-protection,/practices/cyber-security-data-privacy/,301,plain
/administration/russell-s-ascher,/,410,plain
/administration/tina-ross,/,410,plain
